0.0058605181984603,-0.0068085012026131,0.056573674082756,0.058532625436783,0.14434576034546,0.14434696733952,-0.039948645979166,-0.13941040635109,-0.086224414408207,0.062020137906075,0.030391039326787,-0.043315071612597,-0.034204330295324,-0.0067259618081152,0.16745637357235,0.015979453921318,-0.050370194017887,0.22307260334492,0.024150867015123,-0.038442004472017,0.037604089826345,0.021655002608895,0.1322283744812,-0.14318409562111,0.13735473155975,-0.082505978643894,-0.12926422059536,-0.054018575698137,-0.049959171563387,-0.021582331508398,0.10681994259357,0.055296089500189,-0.019087541848421,-0.0080995941534638,0.20565657317638,0.095415592193604,-0.089897088706493,-0.14310738444328,0.054458692669868,-0.18114514648914,0.039625652134418,-0.030477004125714,0.029493486508727,0.085739687085152,-0.19562166929245,0.00020179033163004,-0.003765219822526,0.10663486272097,-0.038996398448944,-0.0006454071844928,0.038425117731094,-0.013797688297927,-0.023800868541002,-0.070661321282387,-0.054086364805698,-0.02505243755877,0.0084508173167706,-0.061047948896885,-0.011438564397395,0.027249950915575,-0.061982911080122,0.030429901555181,0.025810837745667,-0.015142153948545,0.16860620677471,0.043257754296064,-0.11836071312428,0.047695577144623,-0.085084557533264,0.21782949566841,0.078923918306828,0.13469180464745,0.045990135520697,-0.1188295558095,-0.17242129147053,-0.075198210775852,-0.070525653660297,-0.098837159574032,-0.030167879536748,-0.038073047995567,0.047248095273972,0.012908267788589,-0.025672296062112,0.013064316473901,-0.073155410587788,-0.052438993006945,-0.037878859788179,0.025159956887364,-0.032756526023149,0.11552862823009,0.092169128358364,0.069553025066853,-0.086765296757221,-0.041853364557028,-0.061351966112852,-0.038130003958941,-0.097845770418644,0.13925603032112,-0.095783352851868,-0.0066049736924469,0.09708870947361,0.048888560384512,0.065633021295071,-0.20386509597301,0.13456411659718,0.054970573633909,0.083076886832714,-0.010661374777555,0.18583323061466,0.10888717323542,-0.046138443052769,-0.024178236722946,0.0091357473284006,0.007361417170614,0.088275700807571,-0.074507318437099,0.055091172456741,0.045788932591677,0.040491182357073,0.072784133255482,0.11519229412079,-0.10628635436296,0.021060843020678,0.013091112487018,0.077242232859135,-0.024355299770832,0.20788010954857,0.084988422691822
0.017939670011401,0.021962666884065,0.070401765406132,0.037767957895994,0.08351631462574,0.14868332445621,-0.053421530872583,-0.080726496875286,-0.098738685250282,0.09444772452116,0.031430263072252,-0.052316296845675,-0.03151872381568,-0.034431681036949,0.16089065372944,-0.0022624537814409,-0.035416062921286,0.24699673056602,0.031062269583344,-0.078556604683399,0.044429875910282,0.049805108457804,0.10561674833298,-0.1311007142067,0.085200235247612,-0.088221289217472,-0.079639405012131,-0.072353363037109,-0.10146029293537,-0.0059157810173929,0.030252540484071,0.019844636321068,0.0002121207799064,0.031637400388718,0.21998324990273,0.061984814703465,-0.023379886522889,-0.16328313946724,0.035055384039879,-0.1579926609993,-0.0033779314253479,-0.062164101749659,0.038391292095184,0.070431672036648,-0.15878362953663,0.041912950575352,0.021493759006262,0.081463128328323,-0.10781536996365,0.025961380451918,0.11936037242413,-0.021999897435308,-0.049527283757925,-0.02132405154407,-0.041936859488487,-0.0066443076357245,0.04133341088891,-0.14398753643036,0.0074563310481608,0.015424777753651,0.006345200818032,0.0031105282250792,-0.038134217262268,-0.036133114248514,0.17625905573368,-0.038382906466722,-0.11131574213505,0.058600284159184,-0.049772117286921,0.25547951459885,0.064031198620796,0.073365323245525,0.019730871543288,-0.16812291741371,-0.18984621763229,-0.049610372632742,-0.074589744210243,-0.02891537733376,-0.022449532523751,-0.075287722051144,0.01071491278708,0.020226616412401,-0.052194643765688,0.011513244360685,-0.084538049995899,-0.021041966974735,-0.041650857776403,-0.023937404155731,-0.015144173055887,0.1720115095377,0.043416731059551,0.033226251602173,-0.094137646257877,-0.0604462698102,-0.090942293405533,-0.0008548479527235,-0.073088243603706,0.11659862101078,-0.081433229148388,0.00088134658290073,0.12310637533665,0.091539397835732,0.050731796771288,-0.19318887591362,0.17613296210766,-0.015551026910543,0.042049329727888,-0.026240762323141,0.068548306822777,0.11449731886387,-0.068018615245819,-0.057593073695898,0.023125525563955,-0.044869683682919,0.081439159810543,-0.07791780680418,0.05597535893321,-0.025061894208193,0.025844793766737,0.027914242818952,0.12756136059761,-0.088445007801056,0.057933088392019,0.035408463329077,0.15859767794609,-0.067486897110939,0.22917602956295,0.055550511926413
-0.0320836417377,0.057459972798824,0.075922809541225,0.078465946018696,0.13927924633026,0.15326362848282,-0.038742862641811,-0.14383099973202,-0.056859895586967,0.049107078462839,0.0096899447962642,-0.017012983560562,-0.058809604495764,-0.047611266374588,0.14602753520012,0.028296869248152,-0.082351446151733,0.19030749797821,0.029180102050304,-0.066806450486183,0.077385723590851,0.0061708576977253,0.10422552376986,-0.1190831810236,0.17284213006496,-0.11908479034901,-0.12966059148312,-0.060046520084143,-0.049932990223169,0.028263904154301,0.10072381794453,0.030519025400281,-0.0018574296263978,0.021973730996251,0.21218980848789,0.073993667960167,-0.031485378742218,-0.18787631392479,0.060970183461905,-0.16860207915306,0.07302351295948,-0.067969456315041,0.12143449485302,0.047948565334082,-0.16087280213833,0.0033457146491855,0.049776412546635,0.062617361545563,-0.051635198295116,0.0086295828223228,0.06931983679533,-0.025261482223868,-0.024004846811295,-0.045701488852501,0.010447698645294,0.011034443043172,0.014287332072854,-0.092629134654999,-0.03928829357028,0.017827985808253,-0.046778857707977,0.011734066531062,-0.0034472737461329,-0.065503537654877,0.20546869933605,0.024535201489925,-0.13268008828163,0.0052462471649051,-0.10533721745014,0.23433062434196,0.064509503543377,0.15311704576015,0.0024412726052105,-0.1344143897295,-0.11300251632929,-0.015472453087568,-0.04580732434988,-0.038035452365875,-0.039650499820709,-0.034781090915203,0.013128428719938,0.03073213621974,0.023341339081526,0.090200059115887,-0.092504858970642,-0.012307183817029,-0.035606194287539,0.029021853581071,-0.047351863235235,0.13395637273788,0.051128141582012,0.024812780320644,-0.094203136861324,-0.051365196704865,-0.085366733372211,-0.039904061704874,-0.10319759696722,0.15424504876137,-0.077181160449982,0.00095965393120423,0.092939488589764,0.03314596042037,0.048284862190485,-0.16741792857647,0.14909802377224,0.051693458110094,0.072654813528061,0.023892996832728,0.10083859413862,0.1135373339057,-0.087294138967991,-0.070282220840454,-0.0026616223622113,-0.010366992093623,0.086729526519775,-0.058348033577204,0.058911975473166,0.062464263290167,0.023354686796665,0.11055444926023,0.13659213483334,-0.062557838857174,0.020815519616008,0.0038758395239711,0.079240620136261,0.011708253063262,0.21704937517643,0.094947770237923
0.041533190757036,0.044962417334318,-0.017889467999339,0.051489621400833,0.14071063697338,0.077064193785191,-0.040262665599585,-0.16475889086723,-0.11571384221315,0.095301955938339,0.031442236155272,-0.05012246593833,0.0037444061599672,0.058860164135695,0.11951133608818,0.040295474231243,0.040913756936789,0.23137892782688,0.041025046259165,0.024212017655373,0.024764008820057,0.0077732154168189,0.13346447050571,-0.17032298445702,0.073254734277725,-0.085672631859779,-0.13222953677177,-0.030078258365393,-0.046217914670706,0.0578488484025,-0.014032108709216,0.10926417261362,0.025807987898588,-0.0045114369131625,0.2034562677145,0.093945637345314,-0.0059199533425272,-0.085763044655323,0.040313918143511,-0.20598815381527,-0.053844183683395,-0.0080605512484908,0.074900507926941,0.026893032714725,-0.17422199249268,0.1241103336215,0.040980484336615,0.12319830060005,-0.073943898081779,0.030941963195801,0.063404195010662,0.039303202182055,-0.051399599760771,-0.026075547561049,-0.007405883166939,-0.049884520471096,0.044183913618326,-0.13712796568871,0.004294419195503,0.039904750883579,-0.010888688266277,0.021475506946445,-0.00093858543550596,-0.048278249800205,0.17200298607349,-0.0096843969076872,-0.14471717178822,0.086757279932499,-0.067584745585918,0.20745773613453,0.092498004436493,0.07177098095417,0.02725538238883,-0.12991917133331,-0.17936325073242,-0.02679206058383,-0.026673106476665,-0.04403992369771,-0.018748886883259,-0.11231023073196,0.040554836392403,0.031839225441217,-0.099366888403893,0.011668311432004,-0.055541962385178,-0.017614988610148,-0.11354111880064,-0.0081159304827452,0.012576176784933,0.16348551213741,0.067563742399216,0.049460992217064,-0.082184530794621,-0.049680851399899,-0.041408505290747,-0.047586195170879,-0.057606875896454,0.16033045947552,-0.067467913031578,-0.043865401297808,0.1276468783617,0.099029779434204,0.082489266991615,-0.17283096909523,0.10085260868073,0.03531089797616,0.061104733496904,0.011058991774917,0.16897067427635,0.13022004067898,-0.068814754486084,-0.05954921990633,0.016518257558346,0.0045089754275978,0.054580938071012,-0.07621930539608,0.065381109714508,-0.016531703993678,0.0044564232230186,0.054705880582333,0.068361841142178,-0.061807978898287,0.07388886064291,0.055232562124729,0.090442404150963,-0.048894893378019,0.21945416927338,0.030096083879471
-0.022741926833987,0.082566067576408,-0.051441468298435,0.094131730496883,0.14664608240128,0.092000111937523,0.019300907850266,-0.18796788156033,-0.074307359755039,0.10131797194481,0.027961341664195,-0.035923846065998,-0.014457399956882,-0.0040207938291132,0.059875976294279,0.066948473453522,-0.082335375249386,0.18923366069794,0.031315851956606,0.020368481054902,0.076627224683762,-0.10671296715736,0.067522317171097,-0.14196707308292,0.14224886894226,-0.071445494890213,-0.19045782089233,-0.073474757373333,0.020702015608549,0.099391527473927,0.028624383732677,0.13464511930943,-0.032115362584591,-0.030655015259981,0.16654106974602,0.094991073012352,-0.081327676773071,-0.11549008637667,0.039285078644753,-0.22764781117439,0.022057009860873,-0.07056849449873,0.12896350026131,0.092140734195709,-0.13422310352325,0.053510833531618,0.091673247516155,0.10540987551212,-0.070268921554089,-0.051331453025341,0.011655401438475,0.018145514652133,-0.051939599215984,-0.074456699192524,0.066254913806915,0.010150364600122,-0.031628109514713,-0.043146643787622,0.0017811780562624,0.0049882438033819,-0.038538627326488,0.0065625491552055,0.095274768769741,-0.034393340349197,0.1899558454752,0.076025061309338,-0.16070042550564,-0.00020032170868944,-0.071119256317616,0.17010076344013,0.050501246005297,0.16227351129055,0.030805287882686,-0.085071861743927,-0.13220921158791,-0.043047118932009,0.0021785476710647,-0.0125786755234,-0.047286797314882,-0.095468983054161,0.037464682012796,0.035470712929964,-0.080579198896885,0.031192723661661,-0.10639397799969,0.001255793729797,-0.077768124639988,0.029479272663593,0.042324211448431,0.1152590662241,0.08780213445425,0.03728873282671,-0.11920988559723,-0.091223500669003,-0.043103653937578,-0.0490488037467,-0.075199715793133,0.15639454126358,-0.0080149071291089,-0.023972377181053,0.10182108730078,0.040553044527769,0.09148146957159,-0.17442777752876,0.049608048051596,0.11246833205223,0.061057209968567,0.080815114080906,0.17293252050877,0.10986905544996,-0.062790885567665,-0.028299234807491,-0.038885217159986,-0.029192071408033,0.10078131407499,-0.059712052345276,0.080507338047028,0.030277440324426,0.04951499029994,0.079100005328655,0.078391119837761,-0.064623683691025,0.06651209294796,0.043465387076139,-0.014820743352175,0.044934708625078,0.17854385077953,0.05567717179656
-0.048067227005959,0.017263382673264,-0.020902767777443,0.034854471683502,0.087160676717758,0.14393539726734,-0.074626006186008,-0.12587574124336,-0.08726541697979,0.10186990350485,0.038572292774916,-0.09403607994318,0.0054882448166609,-0.0019409365486354,0.13860224187374,0.078169748187065,-0.055965449661016,0.18758100271225,0.057375680655241,-0.064133279025555,0.059315733611584,-0.061500322073698,0.17314986884594,-0.17126519978046,0.13801197707653,-0.067561075091362,-0.099731676280499,-0.1245222017169,-0.030041100457311,-0.023936472833157,0.12802746891975,0.04157816618681,0.020842101424932,-0.063235104084015,0.18072333931923,0.10062136501074,-0.12490933388472,-0.08959948271513,0.054845124483109,-0.14982581138611,-0.021103031933308,-0.0646777972579,-0.016231331974268,0.094867914915085,-0.1416878849268,0.041276447474957,0.016930151730776,0.088822051882744,-0.10063593834639,-0.092376828193665,0.004624342545867,-0.024268161505461,0.027297914028168,-0.10989475250244,-0.12481287866831,0.011934395879507,0.063143603503704,-0.059550382196903,0.016849154606462,0.018552642315626,-0.06297555565834,0.036673076450825,0.043878667056561,-0.029180031269789,0.21147766709328,0.057054542005062,-0.13583448529243,0.10171881318092,-0.055497244000435,0.15698580443859,0.061096385121346,0.1110086068511,-0.013958702795208,-0.20690394937992,-0.12606608867645,-0.038717314600945,-0.096699863672256,-0.081686601042747,-0.057885713875294,0.0012341170804575,-0.013005833141506,-0.053140241652727,-0.06848157197237,0.013187141157687,-0.15621285140514,0.014637142419815,-0.043769359588623,-0.025195194408298,-0.054143141955137,0.040741417557001,0.028790451586246,0.078827269375324,-0.076170302927494,-0.026604240760207,-0.044705897569656,-0.0024895390961319,-0.088873744010925,0.16352400183678,-0.089615389704704,0.012005874887109,0.10741413384676,0.009032734669745,0.026155428960919,-0.18812997639179,0.14100782573223,0.051221542060375,0.0801907107234,0.008803503587842,0.17054611444473,0.061684358865023,-0.093489430844784,-0.029857497662306,0.036368746310472,-0.056156221777201,0.098120138049126,-0.012526095844805,-0.053991291671991,0.067857578396797,0.058472964912653,0.085054963827133,0.066066779196262,-0.15552835166454,-0.011822966858745,0.0044206939637661,0.073142483830452,0.026688512414694,0.11702501773834,0.093114592134953
0.0022689194884151,-0.021612467244267,0.14800444245338,0.0091464770957828,0.069834366440773,0.13849514722824,-0.10527721792459,-0.021668279543519,-0.14263434708118,-0.009732318110764,-0.024966958910227,-0.0048035462386906,-0.025346944108605,-0.072664380073547,0.13561128079891,-0.055849082767963,-0.10732508450747,-0.0043657128699124,0.10878250747919,0.060859348624945,0.077698603272438,0.010168108157814,0.1320409476757,-0.093096375465393,0.081661157310009,3.2970969186863e-05,-0.095164328813553,-0.08960147947073,-0.040422540158033,-0.065546408295631,0.085812009871006,-0.12410253286362,0.015782777220011,0.016449682414532,0.17397907376289,0.084160566329956,-0.04429267346859,-0.033036712557077,0.046592243015766,-0.15527005493641,-0.00078525103162974,-0.063406273722649,-0.030171262100339,0.0077319392003119,-0.14350455999374,0.045280925929546,0.053269196301699,0.058956108987331,-0.069426573812962,0.099992208182812,-0.015265650115907,0.079356990754604,0.025591619312763,0.014485813677311,0.088861189782619,-0.073426619172096,0.065009519457817,-0.095304362475872,-0.09404943883419,-0.059004705399275,-0.0086514875292778,0.03992872312665,0.027026671916246,-0.015795331448317,0.15374614298344,-0.039775926619768,-0.047870099544525,0.056764386594296,-0.046541180461645,0.16008825600147,0.036221530288458,0.096477150917053,-0.05677766725421,-0.055254671722651,-0.040778867900372,-0.014863831922412,-0.065444521605968,-0.024422464892268,0.13892862200737,0.17223788797855,-0.053228497505188,-0.076037563383579,0.08003556728363,0.092875428497791,0.0087253004312515,-0.14036633074284,0.012599556706846,0.1435571461916,0.048385228961706,0.095414966344833,0.087139643728733,0.077849261462688,0.021284019574523,0.10977399349213,-0.15834949910641,-0.14306157827377,0.023976847529411,0.1500244140625,-0.10428903251886,-0.091983899474144,0.10237262398005,0.13015852868557,-0.060449555516243,-0.19753256440163,0.097908794879913,0.081789143383503,0.1047552973032,-0.0015288986032829,0.18124008178711,0.070390120148659,-0.018458614125848,-0.020105183124542,-0.0562425814569,0.00048048593453132,0.10094181448221,0.041220836341381,0.030749589204788,-0.013340857811272,-0.030533544719219,0.1460040807724,0.049276906996965,-0.065706171095371,0.00758371129632,-0.047354239970446,0.047059964388609,0.053138706833124,0.30181130766869,0.12767700850964
-0.056991547346115,0.05438744649291,0.06835849583149,0.0032027072738856,-0.067509464919567,0.035777937620878,-0.20557895302773,-0.0086172427982092,0.021452868357301,-0.040285862982273,-0.013944737613201,-0.044301960617304,-0.025571106001735,-0.070101715624332,0.11917246878147,-0.10920158773661,0.050666160881519,-0.11419244855642,0.14509549736977,0.098446324467659,-0.046906854957342,-0.011199642904103,0.055207651108503,0.037521526217461,0.014425225555897,-0.0020265739876777,0.019510855898261,-0.10476215928793,-0.080845549702644,-0.079960457980633,0.12387096136808,-0.1161055713892,0.17374296486378,0.046540554612875,0.093039691448212,0.14581866562366,0.1656736433506,0.024031920358539,-0.0098618799820542,-0.082559861242771,-0.0033425556030124,-0.11628808826208,-0.075762137770653,-0.108991317451,0.0042061218991876,0.18081837892532,0.084525629878044,0.031339399516582,-0.1079548150301,0.045972347259521,-0.13474713265896,0.061872765421867,0.17275562882423,-0.0018702934030443,0.03113548271358,0.0074644130654633,0.014842604286969,-0.18460163474083,-0.087182715535164,-0.073547124862671,-0.031685415655375,0.06662779301405,-0.071010887622833,-0.11896102130413,0.059680972248316,-0.029796790331602,0.083706207573414,0.04771663621068,-0.014702226966619,-0.0062594190239906,-0.025619314983487,-0.14751054346561,-0.17499005794525,-0.13529154658318,0.1329293102026,0.049435518682003,-0.066910818219185,0.088099680840969,0.12216021120548,0.15271244943142,-0.19696690142155,0.0035260231234133,-0.036992967128754,0.057342208921909,0.073496915400028,0.035334270447493,-0.058247346431017,0.017392721027136,-0.029249863699079,0.089706882834435,0.045460544526577,0.0056649688631296,0.15949311852455,0.13469806313515,-0.11122673749924,-0.074272371828556,0.021272484213114,0.018505327403545,-0.048760816454887,-0.13729384541512,0.044521018862724,0.017337871715426,-0.13805727660656,-0.12125834822655,0.043932240456343,0.073041938245296,0.096732996404171,-0.056328605860472,-0.046133551746607,0.082024224102497,-0.045868314802647,-0.06951592117548,-0.0047333147376776,-0.083196334540844,-0.042973034083843,-0.00019499266636558,-0.14179819822311,-0.18776269257069,0.0017951077315956,0.086424551904202,0.044368308037519,-0.0035590797197074,-0.051218118518591,0.068787150084972,0.10052797198296,0.02780226059258,0.1516477316618,0.0083398064598441
0.090099513530731,0.12077451497316,0.013539702631533,0.043202757835388,-0.095515452325344,-0.01312592998147,-0.14003047347069,-0.046245608478785,-0.12201942503452,-0.053966429084539,0.044909037649632,-0.10859082639217,0.054754510521889,0.058753147721291,0.10348821431398,-0.033142488449812,0.15874847769737,-0.12529207766056,0.10768344253302,0.088853009045124,-0.031572703272104,-0.022163799032569,-0.038736507296562,0.012465829029679,0.064012609422207,-0.016417430713773,-0.050540428608656,0.022154191508889,-0.018191149458289,0.029276305809617,-0.002717042574659,0.045390494167805,0.050329122692347,0.049215517938137,-0.019514156505466,0.067193433642387,0.13076229393482,0.0067300824448466,0.1366581171751,-0.069738700985909,-0.08693141490221,-0.077019929885864,0.020050209015608,-0.19881124794483,0.11269098520279,0.19736377894878,0.094346404075623,-0.00078820035560057,-0.15668080747128,-0.026801696047187,-0.06130512803793,0.10238651186228,0.15611572563648,0.045944683253765,-0.036638170480728,-0.049334470182657,-0.016779052093625,-0.12124424427748,0.01791580952704,-0.079361021518707,0.044421028345823,0.12092692404985,-0.096809007227421,-0.096454471349716,-0.12894162535667,0.17448076605797,0.11414020508528,0.057447236031294,-0.012807273305953,-0.18277071416378,-0.032814785838127,-0.15396116673946,-0.12356213480234,-0.079105362296104,0.15071074664593,0.019119739532471,0.019687907770276,-0.068969272077084,0.090979225933552,0.20431973040104,-0.044766929000616,-0.024687325581908,-0.068765453994274,-0.079052701592445,0.086345463991165,0.14306236803532,-0.13320134580135,-0.13357388973236,-0.03774406015873,0.065975911915302,0.042180571705103,-0.027292085811496,0.10835777968168,0.17991644144058,-0.12394900619984,-0.046719916164875,0.038097228854895,0.0038752520922571,0.0046568098478019,-0.13681751489639,-0.011213512159884,0.044027149677277,-0.037707701325417,0.05903235077858,-0.093598112463951,0.12840847671032,0.059240102767944,0.090174473822117,-0.040862981230021,-0.0047426540404558,0.02778484672308,-0.07488863915205,-0.072270378470421,-0.051507089287043,-0.057546678930521,-0.026966700330377,-0.18106536567211,-0.087068669497967,0.0019977099727839,-0.033580414950848,-0.042544439435005,-0.014258884824812,0.0093650193884969,0.066865235567093,0.11448191106319,-0.0096361497417092,0.093603685498238,-0.079527862370014
0.050132039934397,0.17933396995068,-0.014552391134202,-0.010201185941696,-0.023136802017689,0.015311296097934,-0.078529052436352,-0.10818609595299,-0.16095326840878,-0.066633798182011,0.0045121177099645,-0.077913030982018,0.0048752962611616,-0.0027142288163304,0.081401355564594,-0.012110644951463,0.061053581535816,-0.1630612462759,0.10327313095331,-0.00032636278774589,-0.061141025274992,-0.0059795342385769,-0.016455713659525,-0.11541434377432,0.11049831658602,0.012556132860482,-0.039200704544783,0.02251498028636,0.04725880920887,0.023700356483459,0.032211262732744,0.029865153133869,-0.0070161707699299,-0.011646359227598,0.0023989388719201,-0.016275970265269,0.072205156087875,-0.0051528248004615,0.23352614045143,-0.010906182229519,-0.020174799486995,-0.071778826415539,0.038772866129875,-0.13603712618351,0.070556096732616,0.23632250726223,0.081795826554298,-0.026257276535034,-0.19883467257023,-0.090969860553741,-0.11740878969431,0.11504334956408,0.14784689247608,-0.0053689046762884,-0.13714842498302,-0.054092478007078,-0.002679004566744,0.0023691020905972,-0.077370867133141,0.00199890951626,0.023511335253716,0.12975457310677,0.0077257109805942,-0.065954938530922,-0.047703541815281,0.18312010169029,0.060670040547848,0.068133652210236,-0.029975509271026,-0.18823531270027,-0.012160980142653,-0.071641854941845,-0.10660932213068,-0.02801688015461,0.15661759674549,0.041593719273806,-0.016154395416379,-0.13982772827148,0.042735934257507,0.21737311780453,-0.038602139800787,-0.045381598174572,-0.010682517662644,0.0088832005858421,0.0088362107053399,0.096845738589764,-0.099309697747231,-0.13607071340084,-0.09506618231535,-0.011454671621323,0.05854157358408,-0.026047594845295,0.073406673967838,0.18258573114872,-0.07299380749464,-0.070544987916946,0.052551481872797,0.018010847270489,-0.00095637305639684,-0.089858561754227,-0.08358471095562,-0.0044712363742292,-0.051531419157982,0.11029313504696,-0.10538643598557,0.12133551388979,0.089236728847027,0.21119518578053,-0.013649445958436,-0.024865284562111,0.097709149122238,-0.083592012524605,-0.083781257271767,0.016118193045259,-0.052934162318707,-0.018917758017778,-0.25021684169769,0.040192261338234,0.056556276977062,0.0041667660698295,-0.040229149162769,-0.026243589818478,-0.049476437270641,0.023707652464509,0.095760382711887,-0.0029462315142155,-0.00036242863279767,-0.085106790065765
-0.012214811518788,0.16495533287525,-0.033789545297623,-0.092735446989536,-0.094625189900398,0.031794164329767,-0.13390412926674,0.0062380037270486,-0.13239163160324,0.020265551283956,-0.015822315588593,-0.099102288484573,0.0036913810763508,0.081484571099281,0.133072078228,-0.094869889318943,0.022596567869186,-0.16575004160404,0.14820136129856,0.0092491712421179,-0.18076340854168,0.054093182086945,0.017569439485669,-0.046011183410883,-0.021648159250617,-0.018726460635662,0.088170930743217,0.068351864814758,-0.034594278782606,-0.051161952316761,-0.07404650747776,-0.074485018849373,0.091201789677143,0.02551612444222,-0.063807040452957,0.11294706910849,0.14542707800865,-0.082456395030022,0.019635561853647,0.093918241560459,-0.035189632326365,-0.12067069113255,-0.00067552959080786,-0.1441967189312,0.0043496312573552,0.31111326813698,0.11565756797791,0.012131463736296,-0.18881191313267,0.054066143929958,-0.068675138056278,0.11911980807781,0.067507281899452,0.066706977784634,-0.042304430156946,0.01959440484643,0.025848561897874,-0.097668714821339,-0.0051587363705039,0.027815200388432,-0.0056159803643823,0.16551384329796,-0.057309709489346,-0.079574249684811,-0.073727816343307,0.09626042842865,0.08792969584465,0.075259640812874,0.025655938312411,-0.042647778987885,-0.024876728653908,-0.11920811235905,-0.098863899707794,-0.014412661083043,0.25265753269196,0.10852511227131,-0.037786211818457,-0.0021425830200315,0.05880693346262,0.02411032654345,-0.038366235792637,-0.026227161288261,-0.050008274614811,0.033076409250498,-0.0045551951043308,0.19906032085419,-0.10516244918108,-0.13438148796558,-0.058227874338627,0.11973086744547,0.045936435461044,-0.054442167282104,0.10715082287788,0.094084180891514,-0.069765254855156,-0.033884827047586,0.032528504729271,0.0071960547938943,0.08254399895668,-0.096265763044357,-0.043671399354935,0.03771885856986,-0.018710603937507,-0.015289853326976,-0.10482306033373,0.10976433753967,-0.05527725443244,0.075020588934422,-0.17820703983307,0.011746432632208,0.095933489501476,-0.057567801326513,0.055608995258808,-0.082254037261009,-0.13330708444118,-0.024341944605112,-0.081966370344162,-0.089831233024597,0.080369628965855,0.0072709834203124,0.065283581614494,-0.11009975522757,0.010258495807648,0.060248732566833,0.057314246892929,0.0073142647743225,0.014769890345633,-0.016179049387574
0.027480950579047,0.21389153599739,0.040694043040276,-0.065227173268795,-0.020972369238734,-0.037909518927336,-0.064806178212166,-0.011356249451637,-0.10707578808069,-0.06509543210268,-0.015045547857881,-0.068243138492107,-0.036717239767313,0.061370473355055,0.068830698728561,-0.013905134983361,0.14634405076504,-0.16465772688389,0.075919553637505,0.019953511655331,-0.051249738782644,0.049608431756496,-0.019382730126381,-0.038333557546139,0.029074147343636,-0.046806078404188,0.017712714150548,0.10471887141466,0.11002000421286,0.0085073541849852,0.0014665860217065,-0.026297984644771,0.051822923123837,0.026683036237955,-0.050375815480947,0.055862575769424,0.090424105525017,0.011694701388478,0.082606188952923,0.070017702877522,-0.098182402551174,-0.014885701239109,0.012897554785013,-0.16705751419067,0.13734522461891,0.35580745339394,0.07768327742815,-0.060975719243288,-0.22031734883785,-0.029056249186397,-0.11479421705008,0.20850940048695,0.022242557257414,-0.015550024807453,-0.099395923316479,-0.0036049243062735,-0.037634588778019,0.01477587595582,-0.12051466852427,0.10478042066097,0.031212467700243,0.11391217261553,-0.027099639177322,-0.11329913884401,-0.0088716670870781,0.0070646251551807,0.03916559368372,0.063896879553795,-0.080181434750557,-0.0051612947136164,0.025790302082896,-0.10052908957005,-0.15781736373901,-0.012453655712306,0.14299519360065,0.10183217376471,0.070218630135059,0.032676313072443,0.028990089893341,0.023514181375504,-0.11198855191469,0.004398045130074,-0.060743577778339,0.036191500723362,0.018980484455824,0.066435128450394,-0.12856629490852,-0.1386349350214,-0.092688292264938,0.075931817293167,0.058348670601845,-0.069708630442619,0.03299218416214,0.18853017687798,0.093245849013329,0.014901994727552,0.08449113368988,-0.03478080034256,0.015634454786777,-0.029367318376899,-0.12166211009026,0.013915914110839,-0.14096860587597,0.11480533331633,-0.13982251286507,0.12756396830082,0.018410222604871,0.078783251345158,-0.014480416662991,-0.091242946684361,0.04931665956974,-0.073924899101257,-0.058474615216255,0.038211759179831,0.00023328742827289,-0.00076849560718983,-0.13238660991192,-0.085783086717129,0.075085252523422,0.1065710708499,-0.056410428136587,0.034840829670429,-0.041861899197102,0.091959647834301,0.10552890598774,0.011085235513747,0.034349005669355,-0.16050353646278
0.10116940736771,0.13484911620617,0.019504390656948,-0.014857803471386,-0.052080366760492,0.033256854861975,-0.12885537743568,-0.005511686205864,-0.13912232220173,-0.07426580041647,-0.0042353556491435,-0.14895196259022,-0.0042036580853164,0.0017357714241371,0.10706501454115,-0.0075122262351215,0.14491373300552,-0.1428267210722,0.098205529153347,0.037134032696486,-0.027485018596053,0.016567608341575,-0.027970094233751,-0.044833619147539,0.060070406645536,-0.047203201800585,-0.05095124989748,0.031084420159459,0.026092436164618,-0.039849363267422,0.034630052745342,-0.023239338770509,-0.026759579777718,0.015580118633807,0.014944486320019,0.070622980594635,0.082175582647324,-0.053632635623217,0.1538367420435,-0.042316902428865,-0.10474903136492,-0.042981788516045,-0.016236687079072,-0.18404695391655,0.16393981873989,0.27349516749382,0.057211332023144,0.02814712934196,-0.20413841307163,-0.012254597619176,-0.11630439013243,0.13961280882359,0.13202753663063,-0.0101702157408,-0.12449118494987,-0.082739800214767,0.0038023453671485,-0.087286904454231,-0.019420208409429,-0.030933700501919,0.075928278267384,0.18956258893013,-0.064107917249203,-0.090379625558853,-0.11329551786184,0.10205116868019,0.086031645536423,0.093198902904987,0.0018774397904053,-0.1225316002965,-0.0051805381663144,-0.10717290639877,-0.12493527680635,-0.082825377583504,0.086119703948498,0.018891571089625,0.012000504881144,-0.039334412664175,0.087545603513718,0.17348808050156,-0.036132279783487,-0.01172059122473,-0.083288967609406,-0.051677860319614,0.060883548110723,0.12808775901794,-0.15781866014004,-0.12428636848927,-0.062822088599205,0.062728404998779,0.095003627240658,0.014666682109237,0.054443042725325,0.20437957346439,-0.047856815159321,-0.0039509730413556,0.085147462785244,-0.011459806002676,-0.062382940202951,-0.099365904927254,-0.018377047032118,0.019470382481813,-0.10635086148977,0.022649629041553,-0.099632479250431,0.12334011495113,0.0762879550457,0.071915738284588,-0.025570260360837,0.021061070263386,0.072378814220428,-0.075770832598209,-0.034991148859262,-0.024206483736634,-0.019162997603416,-0.0014049420133233,-0.2132173627615,-0.040641281753778,0.010136331431568,-0.026941638439894,-0.080056942999363,-0.015457953326404,0.034592106938362,0.06533770263195,0.11077270656824,-0.029487431049347,0.067547455430031,-0.13252702355385
-0.006259401794523,0.044848650693893,0.11261606961489,0.075610652565956,-0.048394866287708,0.069275058805943,-0.16582706570625,-0.030773593112826,-0.059123639017344,-0.086825810372829,-0.00024340355594177,-0.039254862815142,-0.057626243680716,-0.10058315098286,0.096616066992283,-0.074660070240498,0.027930747717619,-0.078698500990868,0.13619744777679,0.10955003648996,0.010527946986258,-0.071767717599869,0.057261161506176,0.019017707556486,0.070406548678875,-0.028329364955425,-0.04497130215168,-0.11954621225595,-0.087896704673767,-0.088188357651234,0.11652155220509,-0.098590843379498,0.10348182171583,0.051331736147404,0.12112750858068,0.12925644218922,0.093750953674316,-0.00018610821280163,0.019662022590637,-0.16378316283226,-0.0091947978362441,-0.11846775561571,-0.027640119194984,-0.11399083584547,0.011863847263157,0.16480313241482,0.10949950665236,-0.005564191378653,-0.18618446588516,0.054127536714077,-0.13411888480186,0.038669906556606,0.16247507929802,0.0025082032661885,0.053309872746468,-0.021477295085788,-0.005178505089134,-0.14564773440361,-0.084863163530827,-0.082324728369713,-0.00071980128996074,0.10256729274988,-0.026562090963125,-0.14716465771198,0.11707949638367,0.042216826230288,0.036471996456385,0.0078450366854668,-0.07977981865406,0.029585236683488,-0.025955189019442,-0.092958860099316,-0.15681092441082,-0.10592037439346,0.082843087613583,0.015297431498766,-0.0085102440789342,0.053155824542046,0.12213975191116,0.16584484279156,-0.19898964464664,-0.03385653346777,-0.06193744763732,-0.0087577030062675,0.029982114210725,0.026419430971146,-0.094628766179085,0.01424861419946,-0.032462950795889,0.11119777709246,0.10798657685518,0.013932761736214,0.10730305314064,0.13465332984924,-0.10186710953712,-0.038362421095371,0.048182502388954,0.051960997283459,-0.05381054058671,-0.11520950496197,0.024322239682078,0.021497257053852,-0.14592589437962,-0.13299772143364,0.060850001871586,0.13310134410858,0.14718572795391,-0.005694002378732,-0.0077841551974416,0.044388920068741,-0.059927251189947,-0.042950805276632,0.00033896983950399,-0.090500965714455,0.047017324715853,-0.013061820529401,-0.12649095058441,-0.12777578830719,0.03164890781045,0.098537534475327,0.002218876266852,-0.016024416312575,-0.015087943524122,0.056295070797205,0.14231388270855,0.055740233510733,0.23633955419064,-0.028206896036863
0.031734216958284,0.15209072828293,0.089958250522614,0.015790928155184,-0.051218625158072,-0.043171018362045,-0.10607808083296,-0.057571645826101,-0.15096317231655,-0.10937413573265,-0.045202229171991,-0.082000449299812,-0.031968425959349,-0.017875965684652,0.10387378185987,-0.052947700023651,0.072784893214703,-0.21110087633133,0.15280839800835,0.059724092483521,-0.036921948194504,-0.0042161932215095,-0.023775460198522,-0.056939084082842,0.10102512687445,0.030055420473218,-0.079457513988018,0.0033405967988074,0.028935961425304,-0.0098721645772457,0.036624778062105,-0.035983990877867,0.023839289322495,0.019719561561942,0.016677852720022,0.01281469874084,0.12752173841,0.018107460811734,0.18138043582439,-0.030513858422637,-0.026758760213852,-0.048608124256134,0.052160162478685,-0.17660139501095,0.10301173478365,0.26191267371178,0.12462053447962,-0.064914353191853,-0.14446379244328,-0.021358765661716,-0.11631640791893,0.11475423723459,0.14948388934135,0.035442214459181,-0.025021396577358,-0.072480604052544,0.026827894151211,-0.070170827209949,-0.055194575339556,-0.045262921601534,0.079405345022678,0.12679797410965,-0.084167174994946,-0.055666409432888,-0.056435760110617,0.093576774001122,0.11024747043848,0.0069053946062922,0.014765492640436,-0.16999843716621,-0.025970071554184,-0.080126106739044,-0.11524031311274,0.013983367010951,0.17503477632999,0.02797032147646,-0.018267925828695,-0.042065501213074,0.11585439741611,0.2346610724926,-0.085684485733509,-0.0023550761397928,0.0022833638358861,0.038194373250008,0.096880458295345,0.046433683484793,-0.10195307433605,-0.069035239517689,-0.069646343588829,-0.0099248690530658,0.056152157485485,0.026617316529155,0.13002973794937,0.15215680003166,-0.10542315244675,-0.092500977218151,0.096963763237,0.040539234876633,-0.016760805621743,-0.11853060871363,-0.11013296246529,0.03001794219017,-0.059748765081167,0.080173261463642,-0.1075330004096,0.10455068945885,0.099077142775059,0.16028586030006,-0.0022839293815196,0.014735693112016,0.07059770822525,-0.10138469189405,-0.1175327822566,-0.016152793541551,-0.070051610469818,-1.8496602933737e-05,-0.16707836091518,-0.077785328030586,-0.021892532706261,-0.0036381019745022,-0.052205584943295,0.071682743728161,-0.036674901843071,0.028478281572461,0.06242286413908,-0.012576845474541,0.072495259344578,-0.062530279159546
0.032129887491465,0.18301391601562,-0.052006039768457,-0.013866726309061,-0.0084741320461035,0.029809564352036,-0.10438816249371,-0.11697967350483,-0.12311922758818,-0.072218462824821,-0.020310532301664,-0.047671444714069,-0.034003656357527,0.010264154523611,0.10024890303612,-0.061167661100626,0.0027249050326645,-0.18879409134388,0.1774585545063,0.039378214627504,-0.11430437117815,0.08328640460968,0.026926321908832,-0.032134652137756,0.076903991401196,-0.031903270632029,0.070705279707909,0.015254632569849,0.028174387291074,0.081785604357719,-0.036039970815182,-0.038031432777643,0.095727205276489,0.016887225210667,-0.0073252865113318,0.048487868160009,0.13505619764328,-0.11429034918547,0.068786822259426,0.01035650074482,0.0028611160814762,-0.14959770441055,0.065084114670753,-0.067947059869766,-0.038024846464396,0.33077681064606,0.16147363185883,0.013801593333483,-0.15124988555908,0.051318649202585,-0.05323439463973,0.15418192744255,0.14849814772606,0.019969064742327,0.018775776028633,-0.014454825781286,0.022220613434911,-0.065476663410664,-0.045591402798891,0.030332377180457,-0.019232274964452,0.11005726456642,0.00023071517352946,-0.060078058391809,-0.036533690989017,0.046409092843533,0.05548132583499,-0.011532839387655,-0.018402667716146,-0.061457622796297,-0.059458408504725,-0.084597542881966,-0.14006029069424,-0.025192627683282,0.22314922511578,0.097961194813251,-0.0015417758841068,-0.023320987820625,0.02321208640933,0.1783090531826,0.022014692425728,-0.021820800378919,-0.019282398745418,0.076285287737846,0.062809824943542,0.1182938888669,-0.13194400072098,-0.12898518145084,-0.12557075917721,0.11628372222185,0.067925423383713,-0.017719028517604,0.011828316375613,0.11855092644691,-0.10489298403263,-0.075281277298927,0.035958804190159,0.061668742448092,0.11493121087551,-0.15358819067478,-0.0085419025272131,0.05953000113368,0.02836405672133,0.0018445641035214,-0.16109338402748,0.096084304153919,0.014758430421352,0.17453499138355,-0.088300690054893,0.051062773913145,0.14516314864159,-0.080365210771561,-0.031266879290342,-0.068222366273403,-0.136056676507,0.0047321100719273,-0.086070172488689,-0.04881339520216,0.047251615673304,0.098322689533234,0.067105315625668,-0.050275806337595,-0.021138105541468,0.023884607478976,0.018612504005432,0.034147135913372,0.082999207079411,-0.0068814693950117
-0.059459734708071,0.2201833575964,0.061332635581493,-0.0014684804482386,0.053649988025427,0.037102039903402,-0.048243790864944,-0.042595032602549,-0.060847193002701,-0.041349485516548,-0.053856011480093,0.0070736105553806,-0.15088893473148,-0.083684556186199,0.08607941865921,-0.14771032333374,0.011762750335038,-0.084477864205837,0.144068390131,0.0042464658617973,-0.14919683337212,0.07718712836504,-0.037082444876432,-0.04321289435029,0.10461334884167,-0.098830997943878,0.020513001829386,0.14548960328102,0.086917571723461,-0.030233889818192,0.032406218349934,-0.16026003658772,0.079091049730778,-0.042248591780663,0.042332906275988,-0.015800507739186,0.11633704602718,-0.18634742498398,0.049309719353914,0.0029888197313994,0.13999788463116,-0.054600294679403,0.11265777796507,-0.082017049193382,-0.09712939709425,0.14801168441772,0.10019113123417,-0.021588340401649,-0.078063741326332,0.044161964207888,-0.10155135393143,0.1445492208004,0.076715789735317,-0.004345600027591,-0.025627290830016,-0.0055290749296546,-0.032804645597935,-0.072331100702286,-0.1386254131794,0.026187729090452,-0.072270579636097,0.12661056220531,-0.0025352044031024,-0.063874885439873,-0.0085707660764456,0.099516123533249,0.051456589251757,-0.15015679597855,-0.1209317445755,-0.049464274197817,0.012199321761727,-0.024223234504461,-0.02872103638947,0.078118674457073,0.20399358868599,0.10319199413061,-0.0094836493954062,-0.0029422207735479,0.061519581824541,0.014728751033545,-0.069895155727863,0.063871592283249,0.097423918545246,0.19187340140343,0.15890091657639,0.074814364314079,-0.12112585455179,0.011334315873682,-0.042119819670916,0.082635000348091,0.063223518431187,-0.0030518795829266,0.034209255129099,0.087135978043079,0.004065549466759,-0.18333142995834,0.027492765337229,0.042490094900131,-0.044710543006659,-0.090744122862816,-0.083806000649929,0.027868119999766,0.041372418403625,-0.050796791911125,-0.11744713038206,0.17092746496201,0.15774917602539,0.082309015095234,-0.04405964165926,0.083239398896694,0.14400577545166,-0.11465518176556,0.036651626229286,0.05348539724946,-0.13947503268719,-0.11736149340868,-0.038634523749352,0.025391258299351,0.083803184330463,0.044383946806192,0.0460997633636,-0.055497150868177,-0.085370443761349,-0.059229988604784,0.03083142451942,0.05456605553627,0.07984010130167,-0.0083924541249871
-0.0063838013447821,0.13281670212746,-0.075292117893696,-0.024700775742531,0.060208655893803,0.039900757372379,-0.036174606531858,-0.057718031108379,-0.10668343305588,-0.041316539049149,-0.026409555226564,-0.042413886636496,-0.092668101191521,-0.090653657913208,0.11795449256897,-0.077656514942646,-0.034615147858858,-0.1421762406826,0.19511543214321,0.003847191343084,-0.15064091980457,0.068421393632889,0.023216800764203,-0.16268987953663,0.091345801949501,-0.027747452259064,0.064318336546421,0.0067889234051108,0.066570706665516,-0.01804867759347,0.0037823612801731,-0.085533522069454,0.09265348315239,-0.057260811328888,0.07183139026165,-0.0090290578082204,0.11623189598322,-0.1680411696434,0.080242775380611,-0.068552158772945,0.12260457128286,-0.14497022330761,0.08069483935833,0.023129217326641,-0.1369081735611,0.26849600672722,0.094338238239288,0.026338199153543,-0.13044226169586,-0.022897308692336,-0.16252042353153,0.095677487552166,0.13963159918785,-0.029953176155686,-0.063883706927299,-0.027094904333353,-0.011057684198022,-0.092363394796848,-0.11150934547186,0.070151478052139,-0.061353962868452,0.07883182913065,0.047168206423521,-0.020407892763615,0.040545348078012,0.10610952973366,-0.0017466668505222,-0.065028741955757,0.0069098463281989,-0.12641970813274,-0.050830569118261,-0.058415975421667,-0.072397843003273,-0.035631004720926,0.17314088344574,0.074948661029339,-0.034974697977304,-0.02795510366559,0.015069416724145,0.10614849627018,-0.005369461607188,-0.041977729648352,0.0047672595828772,0.13602295517921,0.089125014841557,0.10485441982746,-0.10498362034559,-0.041988972574472,-0.10043866187334,0.080506660044193,0.13061431050301,0.042167160660028,-0.073989935219288,0.07282217592001,-0.06450192630291,-0.11996456980705,0.036283746361732,0.063535831868649,0.02583872154355,-0.12546350061893,-0.030688025057316,-0.00076310720760375,0.07998625934124,-0.11125330626965,-0.11540884524584,0.1063417494297,0.14841136336327,0.19580385088921,-0.03253586217761,0.088799729943275,0.14867769181728,-0.11388034373522,0.017029531300068,-0.058340355753899,-0.10132059454918,-0.076599329710007,-0.099824212491512,0.0170615054667,0.091074846684933,0.044396858662367,0.051327675580978,-0.10069888830185,-0.044705498963594,0.016600739210844,0.044167704880238,0.0051436582580209,0.067751698195934,0.011457288637757
-0.0047102128155529,0.18690545856953,-0.10791467130184,-0.057574648410082,-0.0013027684763074,0.059003204107285,-0.10552775859833,-0.085136666893959,-0.067358605563641,-0.024862555786967,-0.037174321711063,-0.050534438341856,-0.0047442121431231,-0.064654760062695,0.05095773935318,-0.055773612111807,0.043016020208597,-0.23023828864098,0.12489330023527,0.017095010727644,-0.095726735889912,-0.0084513295441866,-0.063478142023087,-0.043785825371742,0.069766394793987,-0.001727664959617,0.0088775670155883,-0.0067046117037535,0.033027533441782,0.023625651374459,0.082309722900391,-0.048750635236502,-0.014588673599064,-0.021787274628878,-0.024080984294415,0.068798273801804,0.082021698355675,-0.11401431262493,0.13602414727211,0.04112247377634,0.014412681572139,-0.11156393587589,-0.0026378200855106,-0.08255585283041,0.10946168750525,0.284902125597,0.090292535722256,0.057136539369822,-0.14368869364262,-0.062953732907772,-0.13696585595608,0.11485821008682,0.13024243712425,-0.07925895601511,-0.088035888969898,0.0021448784973472,-0.082684502005577,0.012418407946825,-0.081707142293453,0.026629485189915,0.016149753704667,0.14368493855,0.034684311598539,-0.08711102604866,-0.051602710038424,0.027644647285342,0.088429130613804,0.082854129374027,0.014736850745976,-0.16005410254002,-0.015345341525972,-0.041353814303875,-0.15028028190136,-0.071245953440666,0.15884591639042,0.11173467338085,-0.021945519372821,0.022232728078961,0.039800867438316,0.19642268121243,-0.063583120703697,-0.0079018166288733,-0.018310496583581,0.083146542310715,-0.0065734758973122,0.11010004580021,-0.059457931667566,-0.10648141801357,-0.078722916543484,-0.0048476024530828,0.025257058441639,-0.022009830921888,0.089888855814934,0.18086577951908,-0.062539100646973,-0.063205227255821,0.069397434592247,-0.074317134916782,0.0016875071451068,-0.10801274329424,-0.046012688428164,-0.02243029884994,-0.10809639841318,0.02935509942472,-0.16256710886955,0.11270880699158,0.0072915251366794,0.14562729001045,-0.13851897418499,0.090961411595345,0.12718261778355,-0.097167357802391,-0.055816289037466,-0.015459060668945,-0.10301767289639,0.01196317654103,-0.26139158010483,-0.0095235770568252,0.024617334827781,0.044540453702211,-0.022007919847965,-0.018462855368853,-0.052893579006195,0.054911509156227,0.014123421162367,0.025115866214037,-0.087367922067642,-0.090434797108173
-0.028630826622248,0.10778424888849,-0.031503658741713,-0.10296315699816,-0.07347846031189,0.057476401329041,-0.089387290179729,0.025641875341535,-0.080649316310883,-0.1164578422904,-0.073712207376957,-0.16652296483517,-0.025798564776778,0.03597853705287,0.095508836209774,-0.080990575253963,-0.03059009090066,-0.15143316984177,0.12711651623249,-0.10691141337156,-0.063478782773018,-0.017025414854288,0.10157456248999,-0.20427629351616,0.043198466300964,-0.060178715735674,-0.010873212479055,-0.033142622560263,-0.020030729472637,-0.12638732790947,0.11891683936119,-0.10920173674822,0.038885157555342,-0.061395462602377,0.042308952659369,0.015940748155117,0.031927060335875,0.035052750259638,0.091127820312977,0.030650351196527,-0.031708180904388,-0.020227635279298,-0.069000221788883,-0.073609061539173,0.021175567060709,0.20431128144264,0.0067455638200045,-0.029126796871424,-0.18296147882938,-0.036947965621948,-0.25065100193024,0.058890033513308,0.19621722400188,0.0084016947075725,-0.21913185715675,-0.020789729431272,0.10446098446846,0.0027941651642323,-0.056816816329956,-0.055754911154509,-0.008733025752008,0.19998225569725,0.019704418256879,-0.068591855466366,-0.0052986703813076,0.15194422006607,0.07475795596838,0.099138505756855,0.016832830384374,-0.083768896758556,0.0097672399133444,-0.091082133352757,-0.091168127954006,-0.038152098655701,0.12506373226643,0.033438701182604,-0.11155852675438,-0.20395924150944,0.036628596484661,0.12116285413504,-0.13737350702286,-0.088155522942543,-0.049199301749468,0.0079928133636713,-0.040201455354691,0.10350015759468,-0.090928114950657,-0.11424706876278,-0.084360644221306,-0.053637593984604,0.11034109443426,-0.003652625484392,0.10234542936087,0.029978435486555,0.038642112165689,-0.045913606882095,0.04374011605978,0.1070973277092,-0.071023471653461,0.011489759199321,-0.07155154645443,-0.034905102103949,-0.045173477381468,-0.0040582711808383,-0.064505323767662,0.073642559349537,0.067142203450203,0.099014990031719,-0.039765536785126,-0.029057532548904,0.090841300785542,-0.093033835291862,-0.0026978587266058,-0.07050383836031,-0.022189864888787,0.048462502658367,-0.15891288220882,0.012805202044547,0.16507078707218,0.0096952747553587,-0.011582965962589,-0.11159359663725,-0.064958676695824,0.0078969905152917,0.068275518715382,-0.05683571472764,-0.020030591636896,0.0056763589382172
-0.034822672605515,0.15158796310425,-0.17234399914742,-0.014005224220455,-0.0015411692438647,0.00093924481188878,-0.081205949187279,-0.12007810175419,-0.052153829485178,-0.071744434535503,-0.047350715845823,-0.021277230232954,-0.021406969055533,0.0074873748235404,0.012333374470472,-0.079626679420471,0.020196922123432,-0.18446318805218,0.18182162940502,0.017253017053008,-0.12508730590343,-0.023813864216208,0.005830685608089,-0.14408549666405,0.049518428742886,-0.016556741669774,-7.0395100919995e-05,-0.035513803362846,-0.01048769056797,0.057347990572453,0.033935982733965,-0.0069978591054678,0.097818911075592,-0.086065828800201,-0.0099647277966142,0.039859481155872,0.095696844160557,-0.074184238910675,0.087674878537655,0.025434440001845,0.025073044002056,-0.067325986921787,0.016387136653066,-0.061085313558578,-0.012882559560239,0.29022258520126,0.11262386292219,-0.027820745483041,-0.10297659784555,-0.070812113583088,-0.1808849722147,0.083879187703133,0.18791638314724,-0.024762555956841,-0.094740770757198,0.014924768358469,-9.2063382908236e-05,-0.01940356567502,-0.081137455999851,0.058745197951794,-0.011977911926806,0.13493141531944,0.045952036976814,-0.090790003538132,0.0079264445230365,0.059409882873297,0.072342932224274,0.023085175082088,0.021684218198061,-0.17658902704716,0.0020811909344047,-0.079057842493057,-0.11123997718096,-0.04573018476367,0.17205183207989,0.15004925429821,-0.052493553608656,-0.083551779389381,-0.026475412771106,0.12826424837112,-0.1020220592618,-0.020357696339488,-0.052595607936382,0.10763185471296,0.0091374274343252,0.1600711196661,-0.090929992496967,-0.14017149806023,-0.12073461711407,-0.048817686736584,0.022957334294915,-0.020416026934981,0.076601251959801,0.079719521105289,-0.014635744504631,-0.095287911593914,0.044927395880222,0.018755303695798,0.034313056617975,-0.064412474632263,-0.071252033114433,-0.029016360640526,0.007400369271636,0.0016571951564401,-0.16375562548637,0.10570961982012,0.062536299228668,0.18219602108002,-0.14569947123528,0.088044285774231,0.098937943577766,-0.17166076600552,-0.017251832410693,-0.083002537488937,-0.15363301336765,0.0003664925461635,-0.17773222923279,-0.019553357735276,0.095756843686104,0.036636870354414,-0.0071644624695182,-0.049989763647318,-0.084033042192459,0.020495133474469,0.02474213950336,0.019591595977545,-0.072924897074699,-0.0083999605849385
-0.0099345399066806,0.11835378408432,-0.016184322535992,0.017971061170101,-0.01586913689971,-0.0099708698689938,-0.14196018874645,-0.12461358308792,-0.064159989356995,-0.099019013345242,0.0061472379602492,-0.033857509493828,0.0035942858085036,-0.0077419523149729,0.088310837745667,-0.028660006821156,0.066431529819965,-0.16650880873203,0.12782900035381,0.039622113108635,-0.042300753295422,0.014019901864231,-0.053650952875614,-0.040914665907621,0.10038167238235,0.038955915719271,-0.036282569169998,-0.049047790467739,-0.019866771996021,0.04719202965498,0.07366169989109,0.03460006788373,0.077283941209316,0.014864441938698,0.0049837562255561,0.077347315847874,0.13135695457458,-0.067551262676716,0.15254300832748,-0.016598410904408,0.047464892268181,-0.085783109068871,0.048559363931417,-0.1124457269907,0.07961256057024,0.24985508620739,0.13248819112778,-0.040072988718748,-0.13516500592232,-0.11788683384657,-0.13322013616562,0.027758592739701,0.18996621668339,-0.011061583645642,-0.050706449896097,0.014505609869957,-0.048707589507103,-0.061458021402359,-0.058991394937038,0.010734443552792,0.021051185205579,0.10414074361324,-0.061102293431759,-0.060806833207607,-0.036158993840218,0.097796350717545,0.09859199821949,0.046918138861656,0.04816210269928,-0.18672627210617,-0.020114213228226,-0.11315663903952,-0.13620744645596,-0.11385820060968,0.19231386482716,0.092869222164154,-0.06748965382576,-0.029095388948917,0.0025255274958909,0.20330101251602,-0.067745618522167,0.040033116936684,-0.027905471622944,0.045779321342707,0.016295263543725,0.15939836204052,-0.044722985476255,-0.12644331157207,-0.16889700293541,-0.0041154776699841,0.035403478890657,-0.013125503435731,0.083302676677704,0.14207787811756,-0.12947180867195,-0.035915266722441,-0.00047835905570537,-0.01437481213361,0.024802947416902,-0.10981395840645,-0.072375617921352,-0.039292111992836,-0.03731881454587,0.038055576384068,-0.10087454319,0.1053726747632,0.047278918325901,0.16146600246429,-0.12203775346279,0.041822232306004,0.042533457279205,-0.14913199841976,-0.10641260445118,-0.082271784543991,-0.10278234630823,-0.015342254191637,-0.25624951720238,-0.087361603975296,-0.0024160847533494,0.0082037346437573,0.020818471908569,0.033368032425642,-0.076820768415928,0.060380160808563,0.056103333830833,0.021189542487264,-0.015602883882821,-0.034388281404972
-0.038378328084946,0.20774544775486,-0.037809070199728,-0.075978837907314,-0.038056973367929,0.047953106462955,-0.11152447015047,-0.067994102835655,0.008693658746779,-0.089205168187618,-0.072454400360584,-0.075599662959576,-0.041511807590723,-0.057027455419302,0.048515051603317,-0.11077153682709,-0.040134407579899,-0.24215276539326,0.08205296844244,-0.022507959976792,-0.094034843146801,0.024948168545961,-0.039016164839268,-0.067564979195595,0.042757645249367,-0.03896676748991,0.0018449355848134,0.0034003653563559,0.0071269758045673,-0.0026448834687471,0.091993182897568,-0.082242421805859,0.024358494207263,-0.0015026440378278,-0.0036289773415774,0.067119620740414,0.11178836971521,-0.073060147464275,0.082144595682621,0.064230859279633,0.033347129821777,-0.11798226833344,-0.027490010485053,-0.093247622251511,0.095141924917698,0.30125880241394,0.070696093142033,0.030645994469523,-0.13120159506798,-0.01426721457392,-0.17850759625435,0.15525333583355,0.15629208087921,-0.031614892184734,-0.0725272372365,0.00056147522991523,-0.025980783626437,-0.038612861186266,-0.094620600342751,-0.0162148848176,0.0065411711111665,0.15303336083889,-0.00069672521203756,-0.048126522451639,-0.075796365737915,0.0074660894460976,0.11725667119026,0.071824930608273,0.030097797513008,-0.093076221644878,-0.0025006644427776,-0.087028749287128,-0.13877600431442,-0.04691294208169,0.19498151540756,0.11692599952221,-0.076395399868488,-0.019140623509884,0.037872567772865,0.1879440844059,-0.079606674611568,0.015236278995872,-0.0029584378935397,0.11512885987759,0.01337118819356,0.11711312830448,-0.057496607303619,-0.089988984167576,-0.099258191883564,0.023959701880813,0.048387918621302,-0.046507976949215,0.12283115833998,0.118109382689,-0.085942633450031,-0.081686161458492,0.046479992568493,-0.042958222329617,0.025826696306467,-0.094764031469822,-0.032565236091614,-0.0079049458727241,-0.091208353638649,0.023570735007524,-0.13389040529728,0.076353244483471,-0.0048344871029258,0.1517678052187,-0.14655596017838,0.081888809800148,0.13846899569035,-0.10753629356623,-0.089176751673222,-0.029556939378381,-0.12156146019697,0.039901494979858,-0.2157636731863,-0.038610078394413,0.062326695770025,0.052732557058334,0.025598896667361,0.0048073213547468,-0.063592307269573,0.050961848348379,0.028054507449269,-0.0051936712116003,-0.038764964789152,-0.04168601706624
